Code,Type,At,Email-ID,Email-Backoffice-ID,Event-ID,From Folder,To Folder,Scrolled To,URL,Link Text
37,created,2024-01-11T15:10:10.195Z,,,,,,,,
37,code-used,2024-01-12T11:44:59.509Z,,,,,,,,
37,started,2024-01-12T11:45:34.116Z,,,,,,,,
37,email-view,2024-01-12T11:47:30.541Z,66626179-03d8-4a32-be4e-2cdd29e27367,Der einfachste Weg\, um Strom zu sparen / E-Energy,079bffd9-d572-4c1e-a767-a23d6485901b,,,,,
37,email-view,2024-01-12T11:47:39.602Z,66626179-03d8-4a32-be4e-2cdd29e27367,Der einfachste Weg\, um Strom zu sparen / E-Energy,a5809684-75cf-450a-8180-403f30bc296b,,,,,
37,email-view,2024-01-12T11:47:44.273Z,66626179-03d8-4a32-be4e-2cdd29e27367,Der einfachste Weg\, um Strom zu sparen / E-Energy,ec08f90d-5f92-4aa0-a193-74ef35545661,,,,,
37,email-view,2024-01-12T11:47:58.811Z,66626179-03d8-4a32-be4e-2cdd29e27367,Der einfachste Weg\, um Strom zu sparen / E-Energy,a5f5213a-4628-4140-9fb8-706ab413c369,,,,,
37,email-view,2024-01-12T11:47:59.164Z,66626179-03d8-4a32-be4e-2cdd29e27367,Der einfachste Weg\, um Strom zu sparen / E-Energy,1434d1c8-974b-4bdf-8753-8500d60fdc7d,,,,,
37,email-view,2024-01-12T11:47:59.339Z,66626179-03d8-4a32-be4e-2cdd29e27367,Der einfachste Weg\, um Strom zu sparen / E-Energy,53f66dab-2dbc-4e2c-8631-3968ffbc850e,,,,,
37,email-view,2024-01-12T11:47:59.708Z,66626179-03d8-4a32-be4e-2cdd29e27367,Der einfachste Weg\, um Strom zu sparen / E-Energy,c7808d3b-1c23-4e66-8d31-4b9316869c32,,,,,
37,email-view,2024-01-12T11:47:59.876Z,66626179-03d8-4a32-be4e-2cdd29e27367,Der einfachste Weg\, um Strom zu sparen / E-Energy,7e077116-1121-437f-8124-a1849d2efa92,,,,,
37,email-view,2024-01-12T11:48:00.413Z,66626179-03d8-4a32-be4e-2cdd29e27367,Der einfachste Weg\, um Strom zu sparen / E-Energy,88dc755f-afaf-42b9-9ced-e3c86508d1bc,,,,,
37,email-view,2024-01-12T11:48:00.575Z,66626179-03d8-4a32-be4e-2cdd29e27367,Der einfachste Weg\, um Strom zu sparen / E-Energy,ad7e64f0-d4c6-4ff6-b707-0f3170156e0b,,,,,
37,email-view,2024-01-12T11:47:38.532Z,66626179-03d8-4a32-be4e-2cdd29e27367,Der einfachste Weg\, um Strom zu sparen / E-Energy,dde233d6-ea64-441e-8d6d-ef53d66193a7,,,,,
37,email-view,2024-01-12T11:47:45.716Z,66626179-03d8-4a32-be4e-2cdd29e27367,Der einfachste Weg\, um Strom zu sparen / E-Energy,af92e94a-0bd3-4b47-8988-d22115d5288a,,,,,
37,email-view,2024-01-12T11:45:35.663Z,4c2480b0-d66f-4935-af7f-f07e9e16d148,Bitte Reagieren! / DKBOnline,d9803870-7c10-4949-b0f0-86ca2d3094c3,,,,,
37,email-moved,2024-01-12T11:47:01.399Z,4c2480b0-d66f-4935-af7f-f07e9e16d148,Bitte Reagieren! / DKBOnline,ed851992-8ff5-4ab8-8037-a7cd968f88eb,,No Phishing,,,
37,email-view,2024-01-12T11:47:02.585Z,418e8801-16e2-48df-900c-dc808ed45e09,Dank der Karte\, die einen hohen Kreditrahmen besitzt\, haben Sie keine Geldsorgen mehr - freundliche Empfehlung von Manfred / Hermann Kerner,5ea83ffb-ba19-407d-aef6-fa0fd13e107a,,,,,
37,email-moved,2024-01-12T11:47:09.515Z,418e8801-16e2-48df-900c-dc808ed45e09,Dank der Karte\, die einen hohen Kreditrahmen besitzt\, haben Sie keine Geldsorgen mehr - freundliche Empfehlung von Manfred / Hermann Kerner,f84f8f11-a1d2-4c85-83f5-e0c45ccc677d,,Phishing/Spam,,,
37,email-view,2024-01-12T11:47:10.594Z,9543bd95-a95f-478e-9951-c0f2b42c4032,Dating für Sex zu Weihnachten in Deutschland / Dating in Deutschland,1bee5c3c-773b-41e9-bb8b-5b5e19a05637,,,,,
37,email-moved,2024-01-12T11:47:13.126Z,9543bd95-a95f-478e-9951-c0f2b42c4032,Dating für Sex zu Weihnachten in Deutschland / Dating in Deutschland,cb890bf7-ce1e-4b31-a4e6-00a83fd9702d,,Phishing/Spam,,,
37,email-view,2024-01-12T11:47:14.015Z,f9f26bad-1a01-4ccb-8585-76ece6fa627f,Dein Video wurde erneut gepostet / Instagram,7e86ae23-5778-4e95-bf35-767c4d3ab3eb,,,,,
37,email-moved,2024-01-12T11:47:25.790Z,f9f26bad-1a01-4ccb-8585-76ece6fa627f,Dein Video wurde erneut gepostet / Instagram,beb2d53a-6219-42f2-8278-400330da81da,,No Phishing,,,
37,email-view,2024-01-12T11:47:26.665Z,fa7edad1-a03e-4d6e-b93f-a90184857f4a,Dein Kontoeinblick für November 2022 / Instagram Business,7ea676d9-ff29-415c-8eae-197a87969038,,,,,
37,email-moved,2024-01-12T11:47:29.657Z,fa7edad1-a03e-4d6e-b93f-a90184857f4a,Dein Kontoeinblick für November 2022 / Instagram Business,09c181e2-2205-49ad-a00c-3be83bedd15e,,No Phishing,,,
49,created,2024-01-11T15:10:10.183Z,,,,,,,,
49,code-used,2024-01-12T13:15:14.835Z,,,,,,,,
49,started,2024-01-12T13:15:17.810Z,,,,,,,,
49,email-view,2024-01-12T13:15:19.246Z,4c2480b0-d66f-4935-af7f-f07e9e16d148,Bitte Reagieren! / DKBOnline,e97ec347-ae8c-4a97-815e-60cf08570542,,,,,
49,email-moved,2024-01-12T13:15:24.663Z,66626179-03d8-4a32-be4e-2cdd29e27367,Der einfachste Weg\, um Strom zu sparen / E-Energy,bc29c864-76a2-4a1f-867d-016c5fd9b2b7,,No Phishing,,,
49,email-moved,2024-01-12T13:15:33.438Z,418e8801-16e2-48df-900c-dc808ed45e09,Dank der Karte\, die einen hohen Kreditrahmen besitzt\, haben Sie keine Geldsorgen mehr - freundliche Empfehlung von Manfred / Hermann Kerner,530755dc-8914-4c0c-8cb1-289041f74840,,Phishing/Spam,,,
49,email-moved,2024-01-12T13:15:34.177Z,9543bd95-a95f-478e-9951-c0f2b42c4032,Dating für Sex zu Weihnachten in Deutschland / Dating in Deutschland,7fccbc8f-b13c-42db-8837-3cdd339f1bca,,Phishing/Spam,,,
49,email-moved,2024-01-12T13:15:34.707Z,f9f26bad-1a01-4ccb-8585-76ece6fa627f,Dein Video wurde erneut gepostet / Instagram,ffa85cd0-53a8-4461-b419-6f16a2193bae,,Phishing/Spam,,,
49,email-moved,2024-01-12T13:15:35.375Z,fa7edad1-a03e-4d6e-b93f-a90184857f4a,Dein Kontoeinblick für November 2022 / Instagram Business,537df7b0-29ff-4474-abef-2a7acb25b222,,Phishing/Spam,,,
49,email-moved,2024-01-12T13:15:35.933Z,66626179-03d8-4a32-be4e-2cdd29e27367,Der einfachste Weg\, um Strom zu sparen / E-Energy,9c4c32d2-0b9b-496f-897b-a511935af8ac,,Phishing/Spam,,,
49,email-moved,2024-01-12T13:15:36.847Z,8233493d-6c2a-486f-a8c4-c127eeaa0a21,Haltungskorrektur der Wirbelsaule / BSP Corrector,d6495038-ac35-4ce7-abb0-27d72d243778,,,,,
49,email-moved,2024-01-12T13:15:37.426Z,88219594-b400-49d2-a46d-8deeb7a65338,Hondrox — ist das erste Mittel mit Teufelskrallenextrakte\, Arnika für die Wiederherstellung der Knorpel in den Gelenken / Hondrox,503a56be-13d5-4757-9f92-476bed890832,,,,,
49,email-moved,2024-01-12T13:15:54.381Z,3274b92c-507b-4364-801d-ff82861d7db4,Die Karte ist sofort einsetzbar und besitzt einen hohen Kreditrahmen / Barbara Kaiser,a8ffd63c-7ce3-4d7a-a0c7-8df608d1d615,,No Phishing,,,
49,email-view,2024-01-12T13:15:57.492Z,3274b92c-507b-4364-801d-ff82861d7db4,Die Karte ist sofort einsetzbar und besitzt einen hohen Kreditrahmen / Barbara Kaiser,9e7a8b78-6bfb-40fc-a02c-80e05988fbb2,,,,,
49,email-view,2024-01-12T13:15:59.697Z,3274b92c-507b-4364-801d-ff82861d7db4,Die Karte ist sofort einsetzbar und besitzt einen hohen Kreditrahmen / Barbara Kaiser,a77f8c70-3a77-4f21-b675-d43984c09abd,,,,,
49,email-view,2024-01-12T13:16:00.129Z,3274b92c-507b-4364-801d-ff82861d7db4,Die Karte ist sofort einsetzbar und besitzt einen hohen Kreditrahmen / Barbara Kaiser,17717489-3099-4c62-8ea3-ce65ee11be77,,,,,
49,email-moved,2024-01-12T13:16:06.410Z,3274b92c-507b-4364-801d-ff82861d7db4,Die Karte ist sofort einsetzbar und besitzt einen hohen Kreditrahmen / Barbara Kaiser,9c1dec93-f127-405c-b344-03c114490913,,Phishing/Spam,,,
49,email-moved,2024-01-12T13:16:15.095Z,381d15d9-d865-4062-b3a6-86bcb869db74,Füge Personen hinzu\, um beim Geschäftseinkauf zusammenzuarbeiten / Amazon Business,6085716f-e01f-41d3-a6db-361ee8fcaeb3,,,,,
00,created,2024-01-11T15:10:10.210Z,,,,,,,,
00,code-used,2024-01-12T13:17:05.410Z,,,,,,,,
00,started,2024-01-12T13:17:07.145Z,,,,,,,,
00,email-moved,2024-01-12T13:17:09.429Z,66626179-03d8-4a32-be4e-2cdd29e27367,Der einfachste Weg\, um Strom zu sparen / E-Energy,f611e7ec-c3de-47a1-922e-3e63d65e0b6f,,No Phishing,,,
00,email-moved,2024-01-12T13:17:16.951Z,3274b92c-507b-4364-801d-ff82861d7db4,Die Karte ist sofort einsetzbar und besitzt einen hohen Kreditrahmen / Barbara Kaiser,4f9156f8-e09c-404f-97e6-794e36ce750c,,No Phishing,,,
84,created,2024-01-11T15:10:10.203Z,,,,,,,,
84,code-used,2024-01-12T13:38:55.706Z,,,,,,,,
84,started,2024-01-12T13:40:06.727Z,,,,,,,,
84,email-view,2024-01-12T13:40:08.444Z,4c2480b0-d66f-4935-af7f-f07e9e16d148,Bitte Reagieren! / DKBOnline,61b7ed08-e900-4612-b6d2-e1725becae74,,,,,
84,email-view,2024-01-12T13:40:19.684Z,4c2480b0-d66f-4935-af7f-f07e9e16d148,Bitte Reagieren! / DKBOnline,b0c775c6-f3a0-4034-bf91-32e32885b198,,,,,
84,email-moved,2024-01-12T13:41:14.174Z,4c2480b0-d66f-4935-af7f-f07e9e16d148,Bitte Reagieren! / DKBOnline,ee5f1b15-a8e5-4cbc-818c-d10f0ddb3f01,,Phishing/Spam,,,
84,email-scrolled,2024-01-12T13:41:40.223Z,4c2480b0-d66f-4935-af7f-f07e9e16d148,Bitte Reagieren! / DKBOnline,dde3e8c2-4aa6-48fc-8a47-7bdbb8789497,,,1,,
84,email-scrolled,2024-01-12T13:41:47.849Z,4c2480b0-d66f-4935-af7f-f07e9e16d148,Bitte Reagieren! / DKBOnline,c06e4add-de9e-4d57-9c73-f8d5aa04feb5,,,0,,
84,email-view,2024-01-12T13:40:13.654Z,418e8801-16e2-48df-900c-dc808ed45e09,Dank der Karte\, die einen hohen Kreditrahmen besitzt\, haben Sie keine Geldsorgen mehr - freundliche Empfehlung von Manfred / Hermann Kerner,1c5e189a-b634-4bcd-8719-488a9d010140,,,,,
84,email-moved,2024-01-12T13:42:08.312Z,418e8801-16e2-48df-900c-dc808ed45e09,Dank der Karte\, die einen hohen Kreditrahmen besitzt\, haben Sie keine Geldsorgen mehr - freundliche Empfehlung von Manfred / Hermann Kerner,1f52243d-68cc-43c8-b4df-17e54ef51896,,No Phishing,,,
84,email-view,2024-01-12T13:43:03.694Z,418e8801-16e2-48df-900c-dc808ed45e09,Dank der Karte\, die einen hohen Kreditrahmen besitzt\, haben Sie keine Geldsorgen mehr - freundliche Empfehlung von Manfred / Hermann Kerner,9a1e5ce2-6123-4908-8aeb-87fd1bdbedab,,,,,
84,email-view,2024-01-12T13:42:09.737Z,9543bd95-a95f-478e-9951-c0f2b42c4032,Dating für Sex zu Weihnachten in Deutschland / Dating in Deutschland,7cc47921-7f9d-43a1-bd90-8217f3d1bfe1,,,,,
84,email-link-hover,2024-01-12T13:42:11.576Z,9543bd95-a95f-478e-9951-c0f2b42c4032,Dating für Sex zu Weihnachten in Deutschland / Dating in Deutschland,bba05d5f-a152-4631-a6d0-fb08eac84c51,,,,https://www.wimwim.website/de/,
84,email-moved,2024-01-12T13:42:16.291Z,9543bd95-a95f-478e-9951-c0f2b42c4032,Dating für Sex zu Weihnachten in Deutschland / Dating in Deutschland,9347900b-8ddb-4ff8-a53c-a987c218b440,,Phishing/Spam,,,
84,email-view,2024-01-12T13:42:18.311Z,f9f26bad-1a01-4ccb-8585-76ece6fa627f,Dein Video wurde erneut gepostet / Instagram,f187804a-2c58-4231-84db-7441c68f7403,,,,,
84,email-moved,2024-01-12T13:42:30.402Z,f9f26bad-1a01-4ccb-8585-76ece6fa627f,Dein Video wurde erneut gepostet / Instagram,01821090-c5e5-4781-9963-5e9521591396,,No Phishing,,,
84,email-view,2024-01-12T13:42:31.341Z,fa7edad1-a03e-4d6e-b93f-a90184857f4a,Dein Kontoeinblick für November 2022 / Instagram Business,88725843-7906-41e1-a476-311fdea2fa16,,,,,
84,email-moved,2024-01-12T13:42:42.404Z,fa7edad1-a03e-4d6e-b93f-a90184857f4a,Dein Kontoeinblick für November 2022 / Instagram Business,dc001efc-7183-48d1-996e-401bb1799178,,No Phishing,,,
84,email-view,2024-01-12T13:42:43.078Z,66626179-03d8-4a32-be4e-2cdd29e27367,Der einfachste Weg\, um Strom zu sparen / E-Energy,d3eeb817-127e-45a7-b9dd-709dfa6a66db,,,,,
84,email-moved,2024-01-12T13:42:46.361Z,66626179-03d8-4a32-be4e-2cdd29e27367,Der einfachste Weg\, um Strom zu sparen / E-Energy,a2b03c76-4bbc-4c44-812b-5ce63d8018e2,,Phishing/Spam,,,
84,email-view,2024-01-12T13:42:46.938Z,7cdb98a8-c3dc-44be-a0bf-6d891d72f984,Der Gewinn kann in wenigen Monaten um das 10-fache gesteigert werden... / BTC Profit,de3eef8a-82d7-4e4c-8b8a-1ea789d831f0,,,,,
84,email-moved,2024-01-12T13:42:57.373Z,7cdb98a8-c3dc-44be-a0bf-6d891d72f984,Der Gewinn kann in wenigen Monaten um das 10-fache gesteigert werden... / BTC Profit,48948c8c-1054-4484-b0f8-58050cfff81f,,No Phishing,,,
84,email-view,2024-01-12T13:42:58.290Z,8233493d-6c2a-486f-a8c4-c127eeaa0a21,Haltungskorrektur der Wirbelsaule / BSP Corrector,974f1704-31ba-4c7e-b21e-23fb12871ed1,,,,,
84,email-moved,2024-01-12T13:43:00.706Z,8233493d-6c2a-486f-a8c4-c127eeaa0a21,Haltungskorrektur der Wirbelsaule / BSP Corrector,dd12a31e-fa22-49aa-ab66-0ae671d8617b,,No Phishing,,,
84,email-view,2024-01-12T13:43:08.358Z,88219594-b400-49d2-a46d-8deeb7a65338,Hondrox — ist das erste Mittel mit Teufelskrallenextrakte\, Arnika für die Wiederherstellung der Knorpel in den Gelenken / Hondrox,2a60b24f-5226-4484-b0ea-47897f6a76d2,,,,,
84,email-moved,2024-01-12T13:43:24.315Z,88219594-b400-49d2-a46d-8deeb7a65338,Hondrox — ist das erste Mittel mit Teufelskrallenextrakte\, Arnika für die Wiederherstellung der Knorpel in den Gelenken / Hondrox,fff7a979-14b3-4308-a1b0-d91babd236ed,,Phishing/Spam,,,
84,email-view,2024-01-12T13:43:24.887Z,e85dc0fa-c69b-47dc-88fb-85bf54b552b5,Verlagere die Beschaffung mit Guided Buying / Amazon Business,e1f259dd-4d67-4a29-abc2-7590e46f7065,,,,,
84,email-moved,2024-01-12T13:43:30.370Z,e85dc0fa-c69b-47dc-88fb-85bf54b552b5,Verlagere die Beschaffung mit Guided Buying / Amazon Business,7ca0e6b4-c3a4-4140-be09-b69bf0fcf993,,Phishing/Spam,,,
84,email-view,2024-01-12T13:43:30.960Z,481e84da-93e6-48aa-b49f-6f08e6efd9fb,Derzeit offene Rechnungen / Internetagentur WAS,d9a3b6a1-381b-4199-bcd7-30d9c0c1e38e,,,,,
84,email-moved,2024-01-12T13:43:37.348Z,481e84da-93e6-48aa-b49f-6f08e6efd9fb,Derzeit offene Rechnungen / Internetagentur WAS,6065be76-3c4c-4c28-b3ba-30187d95f892,,Phishing/Spam,,,
84,email-view,2024-01-12T13:43:37.898Z,343b9206-762e-472c-8488-0991369d6d18,Deutsche Instagram Follower Kaufen / Hallo von Followermonster,64dfa0f8-d33d-45b5-82a0-37699ad3a9e2,,,,,
84,email-moved,2024-01-12T13:43:43.632Z,343b9206-762e-472c-8488-0991369d6d18,Deutsche Instagram Follower Kaufen / Hallo von Followermonster,69e03eae-23b1-4614-b266-62bf7cde94a6,,Phishing/Spam,,,
84,email-view,2024-01-12T13:43:44.345Z,05c6a35f-7cc3-4511-a0b4-909298128873,Deutsche Social Media Reichweite Kaufen / Hallo von Fanheros,9d76fe11-156a-41e6-a531-71e383b2eb30,,,,,
84,email-moved,2024-01-12T13:43:48.415Z,05c6a35f-7cc3-4511-a0b4-909298128873,Deutsche Social Media Reichweite Kaufen / Hallo von Fanheros,25aaa544-59f2-4d6f-9837-5131c0ca6d5e,,Phishing/Spam,,,
84,email-view,2024-01-12T13:43:49.063Z,3274b92c-507b-4364-801d-ff82861d7db4,Die Karte ist sofort einsetzbar und besitzt einen hohen Kreditrahmen / Barbara Kaiser,0793dafe-6f8f-4cb4-8d9a-36cd14cb3bd4,,,,,
84,email-link-hover,2024-01-12T13:43:50.532Z,3274b92c-507b-4364-801d-ff82861d7db4,Die Karte ist sofort einsetzbar und besitzt einen hohen Kreditrahmen / Barbara Kaiser,9f0810f2-53da-42b6-9127-81fde7f992bb,,,,https://www.otorbake.shop/universal-payment-plus3/,
84,email-scrolled,2024-01-12T13:43:52.911Z,3274b92c-507b-4364-801d-ff82861d7db4,Die Karte ist sofort einsetzbar und besitzt einen hohen Kreditrahmen / Barbara Kaiser,fc5d592c-aac3-4480-9ceb-d8617bc3078a,,,0,,
84,email-moved,2024-01-12T13:43:53.623Z,3274b92c-507b-4364-801d-ff82861d7db4,Die Karte ist sofort einsetzbar und besitzt einen hohen Kreditrahmen / Barbara Kaiser,c3fe8f49-0dc1-4c70-86c5-0f70b1d3a535,,No Phishing,,,
84,email-view,2024-01-12T13:43:54.234Z,23513990-6c1d-455b-a238-1b5335a3505f,Effektive Behandlung von Hämorrhoiden in jedem Stadium / Gelarex,a069d258-dc24-4878-921d-6e4a03779f92,,,,,
84,email-moved,2024-01-12T13:43:57.812Z,23513990-6c1d-455b-a238-1b5335a3505f,Effektive Behandlung von Hämorrhoiden in jedem Stadium / Gelarex,3b065eb1-988d-4953-bb1f-30a8095d31a1,,Phishing/Spam,,,
84,email-view,2024-01-12T13:43:59.493Z,da11f58b-746e-4857-a4f0-940696d26537,Ersteinzahlungsbonus +100 Freispiele / Freispiele,48a844b4-1d43-4e09-bec4-b8110d45bac7,,,,,
84,email-link-hover,2024-01-12T13:44:02.155Z,da11f58b-746e-4857-a4f0-940696d26537,Ersteinzahlungsbonus +100 Freispiele / Freispiele,28e85fb5-2bfb-499d-93cf-a8a919a29756,,,,https://www.momatyn.website/atraff1/,
84,email-moved,2024-01-12T13:44:07.472Z,da11f58b-746e-4857-a4f0-940696d26537,Ersteinzahlungsbonus +100 Freispiele / Freispiele,0e5ffa75-b2c3-41bd-aecb-501b1a5745ea,,Phishing/Spam,,,
84,email-view,2024-01-12T13:44:08.025Z,381d15d9-d865-4062-b3a6-86bcb869db74,Füge Personen hinzu\, um beim Geschäftseinkauf zusammenzuarbeiten / Amazon Business,1412e6f0-5117-4fed-93a5-70a6c924395d,,,,,
84,email-scrolled,2024-01-12T13:44:10.437Z,381d15d9-d865-4062-b3a6-86bcb869db74,Füge Personen hinzu\, um beim Geschäftseinkauf zusammenzuarbeiten / Amazon Business,7e088189-e508-4035-84b1-0ef72a9a9b28,,,0,,
84,email-moved,2024-01-12T13:44:12.454Z,381d15d9-d865-4062-b3a6-86bcb869db74,Füge Personen hinzu\, um beim Geschäftseinkauf zusammenzuarbeiten / Amazon Business,29831af1-9a66-4d7d-a20b-769301b6590f,,No Phishing,,,
84,email-view,2024-01-12T13:44:26.342Z,e7f13a7c-a045-4523-83b1-606d127fbeb1,Geschäftsgeschenke leichter gemacht – mit den Amazon Business Bestellbudgets / Amazon Business,39df1390-0768-4aae-ad48-70d22f54c4cb,,,,,
84,email-moved,2024-01-12T13:44:28.379Z,e7f13a7c-a045-4523-83b1-606d127fbeb1,Geschäftsgeschenke leichter gemacht – mit den Amazon Business Bestellbudgets / Amazon Business,bf10b1d4-eafd-4029-b503-ebd3a92f4a6b,,No Phishing,,,
84,email-view,2024-01-12T13:44:29.064Z,0a6bb7f1-6a18-4e8f-b0d1-5df400916b25,Gluconol – Doppelschlag auf den Diabetes / Gluconol,33b1ebe8-ce7d-4f6f-b75a-1c769e725334,,,,,
84,email-moved,2024-01-12T13:44:30.836Z,0a6bb7f1-6a18-4e8f-b0d1-5df400916b25,Gluconol – Doppelschlag auf den Diabetes / Gluconol,fb349eeb-92ea-4748-8979-a2043c28c8e5,,Phishing/Spam,,,
84,email-view,2024-01-12T13:44:31.472Z,7623cd16-7519-4e6b-9301-74dce1535004,Google-Bestätigungscode / Google,dfcf1ab9-f387-4c98-add3-588437d3097e,,,,,
84,email-moved,2024-01-12T13:44:34.516Z,7623cd16-7519-4e6b-9301-74dce1535004,Google-Bestätigungscode / Google,8de1f20d-9165-44ff-9453-6f1f8c86d7a0,,No Phishing,,,
84,email-view,2024-01-12T13:44:35.063Z,e79ef900-579f-499a-8963-cc389f2b4688,Grüße mein Lieber / Juliet Jonhson,98ddf5e5-8d2a-4ad1-b910-2abc8db2eb13,,,,,
84,email-moved,2024-01-12T13:44:37.614Z,e79ef900-579f-499a-8963-cc389f2b4688,Grüße mein Lieber / Juliet Jonhson,c24fdbaf-1881-424f-912c-61ce1d127125,,Phishing/Spam,,,
84,email-view,2024-01-12T13:44:38.780Z,cb82043a-1e7e-4972-8b58-34b8db966ec2,Hallo Lieber / elizabeth akah,e9c6d1a3-02df-413d-90ea-da9ec7a6eb6b,,,,,
84,email-moved,2024-01-12T13:44:43.370Z,cb82043a-1e7e-4972-8b58-34b8db966ec2,Hallo Lieber / elizabeth akah,63413b9c-67a4-442f-a666-f02fc83453b7,,Phishing/Spam,,,
84,email-moved,2024-01-12T13:44:44.484Z,3a21afa2-74f0-4f36-ab4b-05b78188848c,Ihr sofort genehmigter Kredit ist Ihr 3-faches monatliches Einkommen oder monatlicher Bruttoumsatz auf unserer Karte / Bernhard Eheim,5067d171-77ba-4bdc-8bb1-5166fb3b7c0d,,Phishing/Spam,,,
84,email-view,2024-01-12T13:44:45.182Z,e1916242-bfe3-4b1e-a856-7e2de32b79aa,keine Antwort. /,f645f450-8d60-4218-aa6f-249346f341f0,,,,,
84,email-moved,2024-01-12T13:44:50.893Z,e1916242-bfe3-4b1e-a856-7e2de32b79aa,keine Antwort. /,268babde-37bc-4a2b-b5d2-b20f9bdbd4a8,,Phishing/Spam,,,
84,email-view,2024-01-12T13:44:51.520Z,5bb888b1-f66e-46ff-a7d6-3865a52f004c,Levicose — nanotechnologien schützen die gesundheit und die schönheit der venen / Levicose,f614783a-2c63-4577-8597-d20d96b8d6df,,,,,
84,email-moved,2024-01-12T13:44:59.551Z,5bb888b1-f66e-46ff-a7d6-3865a52f004c,Levicose — nanotechnologien schützen die gesundheit und die schönheit der venen / Levicose,5a5a94b9-cfc9-4618-9a15-8d57d6ac0c55,,Phishing/Spam,,,
84,email-view,2024-01-12T13:45:04.701Z,16e36c78-a79d-40de-a779-c95384318f31,NVIDIA Jetson Orin PCN PCN210341/PCN210361 / Silicon Highway LTD,f382a401-ecb2-4650-b2be-8fdd0cc75f22,,,,,
84,email-moved,2024-01-12T13:45:06.997Z,16e36c78-a79d-40de-a779-c95384318f31,NVIDIA Jetson Orin PCN PCN210341/PCN210361 / Silicon Highway LTD,79ed290e-6d4f-4da5-99f3-070a13b991ee,,No Phishing,,,
84,email-view,2024-01-12T13:45:11.662Z,ddfa66da-dd17-4d55-9c01-67e534397db5,Besonderes Highlight: Tischfußballtisch für nur 399\,- statt 1199\,- / Sport und Spiel,debe4ae1-9090-4531-bad2-63094fdf57bf,,,,,
84,email-moved,2024-01-12T13:45:16.833Z,ddfa66da-dd17-4d55-9c01-67e534397db5,Besonderes Highlight: Tischfußballtisch für nur 399\,- statt 1199\,- / Sport und Spiel,80d7ee32-2d14-4b1e-a4fe-5fe7117c517d,,No Phishing,,,
84,email-view,2024-01-12T13:45:18.453Z,70e237f6-d2ec-42ff-9e80-bdbf21fcd451,🎄 Merry Christmas\, plus a service deadline announcement 🌲 / Felix from AISLER,85e215cc-b17c-4be7-9d34-0ddf0bb889e1,,,,,
84,email-scrolled,2024-01-12T13:45:21.108Z,70e237f6-d2ec-42ff-9e80-bdbf21fcd451,🎄 Merry Christmas\, plus a service deadline announcement 🌲 / Felix from AISLER,eb299b2b-673c-4c97-a39b-8ba861e8e3cb,,,1,,
84,email-scrolled,2024-01-12T13:45:22.334Z,70e237f6-d2ec-42ff-9e80-bdbf21fcd451,🎄 Merry Christmas\, plus a service deadline announcement 🌲 / Felix from AISLER,d6dc73ff-579f-4e4d-a715-8403c0585c6f,,,0,,
84,email-moved,2024-01-12T13:45:25.087Z,70e237f6-d2ec-42ff-9e80-bdbf21fcd451,🎄 Merry Christmas\, plus a service deadline announcement 🌲 / Felix from AISLER,c64c1295-6689-4dd8-a9a0-85dd8a9e1afe,,No Phishing,,,
84,email-view,2024-01-12T13:45:29.553Z,3c47ecd7-e0e2-4edc-97ea-c9c7f2b971ed,[Invitation] 2024 Event / Elementor,c62ca0b2-d4d1-41c4-9a91-3833176fc68d,,,,,
84,email-scrolled,2024-01-12T13:45:33.935Z,3c47ecd7-e0e2-4edc-97ea-c9c7f2b971ed,[Invitation] 2024 Event / Elementor,263676f4-b083-47c1-a67f-adfeaebd1ba9,,,0.04486251808972504,,
84,email-moved,2024-01-12T13:45:34.847Z,3c47ecd7-e0e2-4edc-97ea-c9c7f2b971ed,[Invitation] 2024 Event / Elementor,70b0c204-ea93-4ab3-b085-df9a6d1b3c5f,,No Phishing,,,
84,email-view,2024-01-12T13:45:35.858Z,a7fa9c03-210a-413d-8650-b06af0f4fa1e,„Höhle der Löwen“ System macht Deutsche Bürger reich! / „Höhle der Löwen“,033977e0-3f69-4a4c-b86a-cd5f1d60df13,,,,,
84,email-moved,2024-01-12T13:45:39.050Z,a7fa9c03-210a-413d-8650-b06af0f4fa1e,„Höhle der Löwen“ System macht Deutsche Bürger reich! / „Höhle der Löwen“,3a42e664-15a0-470e-a240-84ff56d9c8b1,,Phishing/Spam,,,
84,email-view,2024-01-12T13:45:39.969Z,18f177eb-fc10-4a26-8fe6-b76f70cbd98c,A Dramatic Leap in Performance / Elementor,5f22bd03-e7d8-40dd-abac-58615c194d92,,,,,
84,email-moved,2024-01-12T13:45:42.079Z,18f177eb-fc10-4a26-8fe6-b76f70cbd98c,A Dramatic Leap in Performance / Elementor,267daf30-f636-45e1-8bfd-3a8ce17af662,,Phishing/Spam,,,
84,email-view,2024-01-12T13:45:43.435Z,91ff4f92-ec70-4dc8-ab9f-9c1f835fdc29,Access to the mzh-team-luhbots group was granted | ProjGIT / Projekt GitLab,3ea913b5-ba51-4b43-a073-b55e5124c687,,,,,
84,email-moved,2024-01-12T13:45:48.794Z,91ff4f92-ec70-4dc8-ab9f-9c1f835fdc29,Access to the mzh-team-luhbots group was granted | ProjGIT / Projekt GitLab,f00d549d-f2ae-42e6-a357-3adc64221050,,No Phishing,,,
84,email-view,2024-01-12T13:45:10.001Z,e87f7828-2f6c-4f65-822f-4cd5117bf674,BITTE ES IST DRINGEND / Didelet Andy,d8bf5573-60d2-4853-9a5c-2d9ca920a5b0,,,,,
84,email-view,2024-01-12T13:45:49.757Z,e87f7828-2f6c-4f65-822f-4cd5117bf674,BITTE ES IST DRINGEND / Didelet Andy,c199f6c2-c449-4a21-a493-e57c477aafdc,,,,,
84,email-moved,2024-01-12T13:45:51.692Z,e87f7828-2f6c-4f65-822f-4cd5117bf674,BITTE ES IST DRINGEND / Didelet Andy,10634b72-183e-41da-9cd5-de11a352736f,,Phishing/Spam,,,
84,email-view,2024-01-12T13:45:58.144Z,da4ba578-b1df-4a8e-b3a9-a58edf172ff4,RE / Charls,afbfca91-5663-4cfd-ada7-79b0c5128ecc,,,,,
84,email-moved,2024-01-12T13:46:00.236Z,da4ba578-b1df-4a8e-b3a9-a58edf172ff4,RE / Charls,2239b831-0925-4f67-bd4c-88091787a5a2,,Phishing/Spam,,,
84,email-view,2024-01-12T13:46:00.961Z,78149ff8-8e55-428d-969e-39ce53b6016f,Rabatte exklusiv für Unternehmen / Amazon Business,a6e7eda7-f941-4e35-84e1-9bbdf5019663,,,,,
84,email-moved,2024-01-12T13:46:03.244Z,78149ff8-8e55-428d-969e-39ce53b6016f,Rabatte exklusiv für Unternehmen / Amazon Business,3d995dfb-ebe3-4796-bea5-60ae5729b2fd,,No Phishing,,,
84,email-view,2024-01-12T13:45:07.756Z,e5a50b82-214f-4c18-8d7f-703a9f3f6557,Payment Due Reminder - RoboCup 2023 / RoboCup Federation,0f3651da-5351-489e-aa72-c99e2fcf1588,,,,,
84,email-view,2024-01-12T13:46:03.763Z,e5a50b82-214f-4c18-8d7f-703a9f3f6557,Payment Due Reminder - RoboCup 2023 / RoboCup Federation,9ba45690-598c-4e59-8a9b-4f1b58b99035,,,,,
84,email-moved,2024-01-12T13:46:05.500Z,e5a50b82-214f-4c18-8d7f-703a9f3f6557,Payment Due Reminder - RoboCup 2023 / RoboCup Federation,c6c6e223-0e11-4e00-a728-0ddd7902cb51,,Phishing/Spam,,,
84,email-view,2024-01-12T13:46:05.891Z,ac2c1b84-ec20-43f0-97af-ea932cb20bea,Rechnung RE2023785 vom 17.04.2023 / Internetagentur WAS,7eb14da2-d815-4761-b45b-1802b7260cab,,,,,
84,email-moved,2024-01-12T13:46:07.282Z,ac2c1b84-ec20-43f0-97af-ea932cb20bea,Rechnung RE2023785 vom 17.04.2023 / Internetagentur WAS,920e5ad2-16f6-4749-a6b7-86e5d648afca,,Phishing/Spam,,,
84,email-view,2024-01-12T13:46:07.782Z,a333fc70-321d-490c-94e2-1804a582b351,Reminder - internationale KI-Konferenz "KI als Innovationsmotor für Europa" am 24. November 2023 in Mainz / artificial-intelligence,e322cea9-d190-484d-961f-596c505afb50,,,,,
84,email-moved,2024-01-12T13:46:26.899Z,a333fc70-321d-490c-94e2-1804a582b351,Reminder - internationale KI-Konferenz "KI als Innovationsmotor für Europa" am 24. November 2023 in Mainz / artificial-intelligence,ecbdee3e-889e-4764-8418-969fb6938c02,,Phishing/Spam,,,
84,email-view,2024-01-12T13:46:27.474Z,c0d2507a-6355-41b8-b353-90be12d3991f,unbedingt lesen. / Miles & More K artenService,e9451a1f-0fd7-4c60-86bb-e8042f1a7dab,,,,,
84,email-moved,2024-01-12T13:46:32.707Z,c0d2507a-6355-41b8-b353-90be12d3991f,unbedingt lesen. / Miles & More K artenService,6e544f93-777b-4fe9-aa36-c9cedbb82f0d,,No Phishing,,,
84,email-view,2024-01-12T13:45:00.547Z,bb1e3daf-c2dd-4d94-b0d6-b8022d029601,LGBT I NEED YOUR HELP / Aleksandr Kovalenko,5a2ddf49-f09f-4122-bea2-5ad465e18483,,,,,
84,email-view,2024-01-12T13:46:33.423Z,bb1e3daf-c2dd-4d94-b0d6-b8022d029601,LGBT I NEED YOUR HELP / Aleksandr Kovalenko,44469302-c3d2-49e0-8a46-eb47c8acf197,,,,,
84,email-moved,2024-01-12T13:46:35.057Z,bb1e3daf-c2dd-4d94-b0d6-b8022d029601,LGBT I NEED YOUR HELP / Aleksandr Kovalenko,6fffecfe-9474-479d-91d9-a697a77838f6,,Phishing/Spam,,,
84,email-view,2024-01-12T13:45:52.606Z,3976433f-2dcc-42ab-b278-71f2c24e4c36,Urgent information: RoboCup 2023 / RoboCup Federation,35059f61-7d40-415b-a6ea-26058f889e3b,,,,,
84,email-view,2024-01-12T13:46:35.665Z,3976433f-2dcc-42ab-b278-71f2c24e4c36,Urgent information: RoboCup 2023 / RoboCup Federation,1c8f7e83-2f2d-4bf9-8b69-1539599d8cb5,,,,,
84,email-moved,2024-01-12T13:46:37.006Z,3976433f-2dcc-42ab-b278-71f2c24e4c36,Urgent information: RoboCup 2023 / RoboCup Federation,f52be7eb-4edc-4b11-99e4-1348a69b7abf,,Phishing/Spam,,,
84,finished,2024-01-12T13:48:04.545Z,,,,,,,,
84,end-link-clicked,2024-01-12T13:48:06.196Z,,,,,,,,
22,created,2024-01-11T15:10:10.233Z,,,,,,,,
22,code-used,2024-01-12T14:09:50.394Z,,,,,,,,
22,started,2024-01-12T14:12:04.647Z,,,,,,,,
22,email-view,2024-01-12T14:12:10.324Z,4c2480b0-d66f-4935-af7f-f07e9e16d148,Bitte Reagieren! / DKBOnline,6666dc27-6c6c-4255-a089-6e54a1674957,,,,,
22,email-moved,2024-01-12T14:12:30.800Z,4c2480b0-d66f-4935-af7f-f07e9e16d148,Bitte Reagieren! / DKBOnline,f4dd79c4-6c17-4b5e-9557-49fca5d4aee4,,Phishing/Spam,,,
22,email-view,2024-01-12T14:12:32.269Z,418e8801-16e2-48df-900c-dc808ed45e09,Dank der Karte\, die einen hohen Kreditrahmen besitzt\, haben Sie keine Geldsorgen mehr - freundliche Empfehlung von Manfred / Hermann Kerner,8dbce360-1bd6-4a88-83cb-66174a2489c3,,,,,
22,email-link-hover,2024-01-12T14:12:34.659Z,418e8801-16e2-48df-900c-dc808ed45e09,Dank der Karte\, die einen hohen Kreditrahmen besitzt\, haben Sie keine Geldsorgen mehr - freundliche Empfehlung von Manfred / Hermann Kerner,2d6700a1-799e-4400-8fc2-c6338d6570cb,,,,https://www.temderema.com.tr/united-premium-payment3/,
22,email-scrolled,2024-01-12T14:12:35.587Z,418e8801-16e2-48df-900c-dc808ed45e09,Dank der Karte\, die einen hohen Kreditrahmen besitzt\, haben Sie keine Geldsorgen mehr - freundliche Empfehlung von Manfred / Hermann Kerner,af58c636-9f6b-4e6e-ad00-122415ae4db8,,,0.2410958904109589,,
22,email-scrolled,2024-01-12T14:12:41.399Z,418e8801-16e2-48df-900c-dc808ed45e09,Dank der Karte\, die einen hohen Kreditrahmen besitzt\, haben Sie keine Geldsorgen mehr - freundliche Empfehlung von Manfred / Hermann Kerner,e6033f44-e574-4fad-92c1-82be23ead8fd,,,0.36164383561643837,,
22,email-scrolled,2024-01-12T14:12:44.206Z,418e8801-16e2-48df-900c-dc808ed45e09,Dank der Karte\, die einen hohen Kreditrahmen besitzt\, haben Sie keine Geldsorgen mehr - freundliche Empfehlung von Manfred / Hermann Kerner,6cc7712e-bc18-4d3e-a838-17dcf6524316,,,0.7232876712328767,,
22,email-scrolled,2024-01-12T14:12:45.756Z,418e8801-16e2-48df-900c-dc808ed45e09,Dank der Karte\, die einen hohen Kreditrahmen besitzt\, haben Sie keine Geldsorgen mehr - freundliche Empfehlung von Manfred / Hermann Kerner,8a0de102-8c0d-4d3c-a809-953b508a76c1,,,0.6027397260273972,,
22,email-scrolled,2024-01-12T14:12:51.860Z,418e8801-16e2-48df-900c-dc808ed45e09,Dank der Karte\, die einen hohen Kreditrahmen besitzt\, haben Sie keine Geldsorgen mehr - freundliche Empfehlung von Manfred / Hermann Kerner,e09f586d-3f7e-4dab-bb30-360588f37d5a,,,1,,
22,email-scrolled,2024-01-12T14:12:54.089Z,418e8801-16e2-48df-900c-dc808ed45e09,Dank der Karte\, die einen hohen Kreditrahmen besitzt\, haben Sie keine Geldsorgen mehr - freundliche Empfehlung von Manfred / Hermann Kerner,3a1175db-da3c-4501-b197-df4f09197e60,,,0,,
22,email-moved,2024-01-12T14:12:59.928Z,418e8801-16e2-48df-900c-dc808ed45e09,Dank der Karte\, die einen hohen Kreditrahmen besitzt\, haben Sie keine Geldsorgen mehr - freundliche Empfehlung von Manfred / Hermann Kerner,3ec52a20-0bbe-43c8-9602-3c1a2136a59e,,Phishing/Spam,,,
22,email-view,2024-01-12T14:13:00.790Z,9543bd95-a95f-478e-9951-c0f2b42c4032,Dating für Sex zu Weihnachten in Deutschland / Dating in Deutschland,c6541829-5db7-48ff-9037-2ac957960221,,,,,
22,email-moved,2024-01-12T14:13:04.185Z,9543bd95-a95f-478e-9951-c0f2b42c4032,Dating für Sex zu Weihnachten in Deutschland / Dating in Deutschland,c257c108-b021-497d-bdad-83483fbee79a,,Phishing/Spam,,,
22,email-view,2024-01-12T14:13:05.080Z,f9f26bad-1a01-4ccb-8585-76ece6fa627f,Dein Video wurde erneut gepostet / Instagram,2c63ae39-b35b-4873-a795-808ef8d94687,,,,,
22,email-moved,2024-01-12T14:13:13.081Z,f9f26bad-1a01-4ccb-8585-76ece6fa627f,Dein Video wurde erneut gepostet / Instagram,e85f721a-f4d0-422f-9800-02b730ed8a32,,No Phishing,,,
22,email-view,2024-01-12T14:13:14.200Z,fa7edad1-a03e-4d6e-b93f-a90184857f4a,Dein Kontoeinblick für November 2022 / Instagram Business,ae7ad2eb-9ecc-4beb-9de2-d82fbb6f24c4,,,,,
22,email-moved,2024-01-12T14:13:18.329Z,fa7edad1-a03e-4d6e-b93f-a90184857f4a,Dein Kontoeinblick für November 2022 / Instagram Business,88fcb3ef-b092-4d37-9cf1-ceed5b280131,,Phishing/Spam,,,
22,email-view,2024-01-12T14:13:19.767Z,66626179-03d8-4a32-be4e-2cdd29e27367,Der einfachste Weg\, um Strom zu sparen / E-Energy,04bbe445-a89b-4bd9-9a60-984bc08ce331,,,,,
22,email-moved,2024-01-12T14:13:27.706Z,66626179-03d8-4a32-be4e-2cdd29e27367,Der einfachste Weg\, um Strom zu sparen / E-Energy,96e84128-5fd7-4609-88fc-819267919c3f,,Phishing/Spam,,,
22,email-view,2024-01-12T14:13:28.647Z,7cdb98a8-c3dc-44be-a0bf-6d891d72f984,Der Gewinn kann in wenigen Monaten um das 10-fache gesteigert werden... / BTC Profit,1d7e90a2-5a5a-44ce-896d-e2b17f0b8dec,,,,,
22,email-moved,2024-01-12T14:13:39.436Z,7cdb98a8-c3dc-44be-a0bf-6d891d72f984,Der Gewinn kann in wenigen Monaten um das 10-fache gesteigert werden... / BTC Profit,0fa23487-fb45-40d7-b666-8ff13380c516,,Phishing/Spam,,,
22,email-view,2024-01-12T14:13:40.574Z,8233493d-6c2a-486f-a8c4-c127eeaa0a21,Haltungskorrektur der Wirbelsaule / BSP Corrector,a84fb89e-d6bb-4fe2-b340-3bbfaaafe1bd,,,,,
22,email-moved,2024-01-12T14:14:03.796Z,8233493d-6c2a-486f-a8c4-c127eeaa0a21,Haltungskorrektur der Wirbelsaule / BSP Corrector,5b7980cb-405d-46e7-ad8e-476e020b527d,,No Phishing,,,
22,email-view,2024-01-12T14:14:05.510Z,88219594-b400-49d2-a46d-8deeb7a65338,Hondrox — ist das erste Mittel mit Teufelskrallenextrakte\, Arnika für die Wiederherstellung der Knorpel in den Gelenken / Hondrox,caaffb51-7559-474f-a44c-6a251296fdbf,,,,,
22,email-moved,2024-01-12T14:14:10.836Z,88219594-b400-49d2-a46d-8deeb7a65338,Hondrox — ist das erste Mittel mit Teufelskrallenextrakte\, Arnika für die Wiederherstellung der Knorpel in den Gelenken / Hondrox,93d18396-1421-4802-8668-c8ad9c902668,,Phishing/Spam,,,
22,email-view,2024-01-12T14:14:12.304Z,e85dc0fa-c69b-47dc-88fb-85bf54b552b5,Verlagere die Beschaffung mit Guided Buying / Amazon Business,66856cc9-4b77-4436-830a-e2bb5a2aa814,,,,,
22,email-moved,2024-01-12T14:14:16.792Z,e85dc0fa-c69b-47dc-88fb-85bf54b552b5,Verlagere die Beschaffung mit Guided Buying / Amazon Business,ebcea08e-12cb-45fc-8f49-cbacd7ee7c54,,No Phishing,,,
22,email-view,2024-01-12T14:14:17.901Z,481e84da-93e6-48aa-b49f-6f08e6efd9fb,Derzeit offene Rechnungen / Internetagentur WAS,2197f20d-66d1-4468-a7a5-eef91ea00eca,,,,,
22,email-moved,2024-01-12T14:14:33.542Z,481e84da-93e6-48aa-b49f-6f08e6efd9fb,Derzeit offene Rechnungen / Internetagentur WAS,1bea841e-59bf-456e-90bd-c08f747013ba,,No Phishing,,,
22,email-view,2024-01-12T14:14:34.540Z,343b9206-762e-472c-8488-0991369d6d18,Deutsche Instagram Follower Kaufen / Hallo von Followermonster,fb9f8ff2-aa09-44e9-9872-1e3ff432757e,,,,,
22,email-moved,2024-01-12T14:14:51.482Z,343b9206-762e-472c-8488-0991369d6d18,Deutsche Instagram Follower Kaufen / Hallo von Followermonster,3c87c003-d336-4482-8448-4be618551163,,Phishing/Spam,,,
22,email-view,2024-01-12T14:14:52.650Z,05c6a35f-7cc3-4511-a0b4-909298128873,Deutsche Social Media Reichweite Kaufen / Hallo von Fanheros,092c725f-f8cf-43e1-91b6-f7e05c7fcea0,,,,,
22,email-moved,2024-01-12T14:15:03.072Z,05c6a35f-7cc3-4511-a0b4-909298128873,Deutsche Social Media Reichweite Kaufen / Hallo von Fanheros,89f04e5a-d4e9-4ed5-94f9-5a567b42d6d4,,Phishing/Spam,,,
22,email-view,2024-01-12T14:15:03.987Z,3274b92c-507b-4364-801d-ff82861d7db4,Die Karte ist sofort einsetzbar und besitzt einen hohen Kreditrahmen / Barbara Kaiser,ca403c5e-5479-45f1-83c2-0fd999ea4906,,,,,
22,email-moved,2024-01-12T14:15:06.650Z,3274b92c-507b-4364-801d-ff82861d7db4,Die Karte ist sofort einsetzbar und besitzt einen hohen Kreditrahmen / Barbara Kaiser,fc4161d8-9e94-4143-83f0-c8b801ca0235,,Phishing/Spam,,,
22,email-view,2024-01-12T14:15:07.579Z,23513990-6c1d-455b-a238-1b5335a3505f,Effektive Behandlung von Hämorrhoiden in jedem Stadium / Gelarex,e6b92604-9c25-4cff-8daa-6ace77721147,,,,,
22,email-moved,2024-01-12T14:15:10.839Z,23513990-6c1d-455b-a238-1b5335a3505f,Effektive Behandlung von Hämorrhoiden in jedem Stadium / Gelarex,4732f962-b610-4d6a-8e20-e7e1bbd71563,,Phishing/Spam,,,
22,email-view,2024-01-12T14:15:11.601Z,da11f58b-746e-4857-a4f0-940696d26537,Ersteinzahlungsbonus +100 Freispiele / Freispiele,08d426f1-9135-459f-baa6-ef9252439747,,,,,
22,email-moved,2024-01-12T14:15:14.766Z,da11f58b-746e-4857-a4f0-940696d26537,Ersteinzahlungsbonus +100 Freispiele / Freispiele,774d7d25-103e-4471-9ed5-1906cc2fa5a1,,Phishing/Spam,,,
22,email-view,2024-01-12T14:15:15.529Z,381d15d9-d865-4062-b3a6-86bcb869db74,Füge Personen hinzu\, um beim Geschäftseinkauf zusammenzuarbeiten / Amazon Business,81922323-7aa7-438a-b6cf-0d453c0de392,,,,,
22,email-link-hover,2024-01-12T14:15:19.402Z,381d15d9-d865-4062-b3a6-86bcb869db74,Füge Personen hinzu\, um beim Geschäftseinkauf zusammenzuarbeiten / Amazon Business,a758c1a9-7875-411c-b050-c34fd027216d,,,,https://www.amazonbusiness.eu/e/317391/b-life-a-e-mua-acqseries-de-t2/k3f2bt/3505972598?h=TnJ_B-pfezvMrKJd9-H6rD2sPN1iPNvQ4mnMD1-WURk,
22,email-scrolled,2024-01-12T14:15:21.787Z,381d15d9-d865-4062-b3a6-86bcb869db74,Füge Personen hinzu\, um beim Geschäftseinkauf zusammenzuarbeiten / Amazon Business,a1fed8ac-1ef7-4076-b519-730d1cf7eb31,,,0.6376811594202898,,
22,email-scrolled,2024-01-12T14:15:23.363Z,381d15d9-d865-4062-b3a6-86bcb869db74,Füge Personen hinzu\, um beim Geschäftseinkauf zusammenzuarbeiten / Amazon Business,11da1a61-334d-4787-810c-9914200b8205,,,1,,
22,email-moved,2024-01-12T14:15:25.214Z,381d15d9-d865-4062-b3a6-86bcb869db74,Füge Personen hinzu\, um beim Geschäftseinkauf zusammenzuarbeiten / Amazon Business,102e2ab3-5735-4c8c-bc5a-deff6da5dfcd,,No Phishing,,,
22,email-view,2024-01-12T14:15:26.172Z,e7f13a7c-a045-4523-83b1-606d127fbeb1,Geschäftsgeschenke leichter gemacht – mit den Amazon Business Bestellbudgets / Amazon Business,c9a53826-c448-44c6-8a79-5c6dbecb1428,,,,,
22,email-scrolled,2024-01-12T14:15:33.352Z,e7f13a7c-a045-4523-83b1-606d127fbeb1,Geschäftsgeschenke leichter gemacht – mit den Amazon Business Bestellbudgets / Amazon Business,b8e0e015-83c3-422e-abd8-c87753c030c9,,,1,,
22,email-scrolled,2024-01-12T14:15:34.985Z,e7f13a7c-a045-4523-83b1-606d127fbeb1,Geschäftsgeschenke leichter gemacht – mit den Amazon Business Bestellbudgets / Amazon Business,f6aea012-2100-4046-a272-0c476c858bcc,,,0,,
22,email-moved,2024-01-12T14:15:35.609Z,e7f13a7c-a045-4523-83b1-606d127fbeb1,Geschäftsgeschenke leichter gemacht – mit den Amazon Business Bestellbudgets / Amazon Business,cc546f89-6dea-4bad-8ad4-0e800de2c123,,Phishing/Spam,,,
22,email-view,2024-01-12T14:15:36.469Z,0a6bb7f1-6a18-4e8f-b0d1-5df400916b25,Gluconol – Doppelschlag auf den Diabetes / Gluconol,b702eb4b-2b51-4a14-b502-a9e069e56bb0,,,,,
22,email-moved,2024-01-12T14:15:39.926Z,0a6bb7f1-6a18-4e8f-b0d1-5df400916b25,Gluconol – Doppelschlag auf den Diabetes / Gluconol,41d2bd20-0be1-4327-9549-6a882a9855d5,,Phishing/Spam,,,
22,email-view,2024-01-12T14:15:40.786Z,7623cd16-7519-4e6b-9301-74dce1535004,Google-Bestätigungscode / Google,ade8db08-a62c-4e3c-803a-afd01c919532,,,,,
22,email-moved,2024-01-12T14:15:44.163Z,7623cd16-7519-4e6b-9301-74dce1535004,Google-Bestätigungscode / Google,b1994c53-a005-45fd-b7cd-bfeabc313ed5,,No Phishing,,,
22,email-view,2024-01-12T14:15:45.047Z,e79ef900-579f-499a-8963-cc389f2b4688,Grüße mein Lieber / Juliet Jonhson,66c530f0-b705-43f3-a906-7643f957790b,,,,,
22,email-moved,2024-01-12T14:15:49.575Z,e79ef900-579f-499a-8963-cc389f2b4688,Grüße mein Lieber / Juliet Jonhson,be8958b5-ce62-4dda-a90a-824bf08fad67,,Phishing/Spam,,,
22,email-view,2024-01-12T14:15:50.220Z,cb82043a-1e7e-4972-8b58-34b8db966ec2,Hallo Lieber / elizabeth akah,97c6d2b9-8e02-4c8a-82e4-e4a288fc34e6,,,,,
22,email-moved,2024-01-12T14:15:57.398Z,cb82043a-1e7e-4972-8b58-34b8db966ec2,Hallo Lieber / elizabeth akah,13aee6fb-0299-4920-86c4-ba81272e2760,,Phishing/Spam,,,
22,email-view,2024-01-12T14:15:58.119Z,3a21afa2-74f0-4f36-ab4b-05b78188848c,Ihr sofort genehmigter Kredit ist Ihr 3-faches monatliches Einkommen oder monatlicher Bruttoumsatz auf unserer Karte / Bernhard Eheim,0b425b22-159d-453b-87ab-302c6a9c340c,,,,,
22,email-moved,2024-01-12T14:16:02.107Z,3a21afa2-74f0-4f36-ab4b-05b78188848c,Ihr sofort genehmigter Kredit ist Ihr 3-faches monatliches Einkommen oder monatlicher Bruttoumsatz auf unserer Karte / Bernhard Eheim,c178fc4c-d6c8-4de9-914e-2c6a0de19e34,,Phishing,,,
22,email-view,2024-01-12T14:16:10.276Z,e1916242-bfe3-4b1e-a856-7e2de32b79aa,keine Antwort. /,17a8ca90-f535-47d7-9777-bd03a73077d5,,,,,
22,email-moved,2024-01-12T14:16:12.154Z,e1916242-bfe3-4b1e-a856-7e2de32b79aa,keine Antwort. /,67284bfc-b598-4420-b4f2-673bc53a0db4,,Phishing/Spam,,,
22,email-view,2024-01-12T14:16:09.404Z,5bb888b1-f66e-46ff-a7d6-3865a52f004c,Levicose — nanotechnologien schützen die gesundheit und die schönheit der venen / Levicose,308dd85a-a9ab-4b5b-9330-ab640c798715,,,,,
22,email-view,2024-01-12T14:16:12.921Z,5bb888b1-f66e-46ff-a7d6-3865a52f004c,Levicose — nanotechnologien schützen die gesundheit und die schönheit der venen / Levicose,2ab92f35-e294-4234-b003-25dc072bd7a4,,,,,
22,email-moved,2024-01-12T14:16:15.572Z,5bb888b1-f66e-46ff-a7d6-3865a52f004c,Levicose — nanotechnologien schützen die gesundheit und die schönheit der venen / Levicose,3ae83cd3-8b7c-46c8-9c92-f8f44424b40a,,Phishing/Spam,,,
22,email-view,2024-01-12T14:16:17.235Z,bb1e3daf-c2dd-4d94-b0d6-b8022d029601,LGBT I NEED YOUR HELP / Aleksandr Kovalenko,a48c27d1-17b6-4431-90e9-da54af9484b9,,,,,
22,email-moved,2024-01-12T14:16:22.037Z,bb1e3daf-c2dd-4d94-b0d6-b8022d029601,LGBT I NEED YOUR HELP / Aleksandr Kovalenko,93b033cb-bf28-4815-be54-d20640e92529,,Phishing/Spam,,,
22,email-view,2024-01-12T14:16:23.084Z,16e36c78-a79d-40de-a779-c95384318f31,NVIDIA Jetson Orin PCN PCN210341/PCN210361 / Silicon Highway LTD,f9362f57-6996-44e5-af11-a4798f6e2806,,,,,
22,email-moved,2024-01-12T14:16:31.269Z,16e36c78-a79d-40de-a779-c95384318f31,NVIDIA Jetson Orin PCN PCN210341/PCN210361 / Silicon Highway LTD,887c072d-5576-4e33-9cc4-2081244791d0,,Phishing/Spam,,,
22,email-view,2024-01-12T14:16:31.965Z,e5a50b82-214f-4c18-8d7f-703a9f3f6557,Payment Due Reminder - RoboCup 2023 / RoboCup Federation,fb7a8565-1e88-46f3-a3a5-8cf1c8aeb57e,,,,,
22,email-scrolled,2024-01-12T14:16:37.473Z,e5a50b82-214f-4c18-8d7f-703a9f3f6557,Payment Due Reminder - RoboCup 2023 / RoboCup Federation,24016830-d83b-43b1-8b51-6f012bf7185a,,,0.9691629955947136,,
22,email-scrolled,2024-01-12T14:16:39.187Z,e5a50b82-214f-4c18-8d7f-703a9f3f6557,Payment Due Reminder - RoboCup 2023 / RoboCup Federation,22a7bff6-6b7f-40c6-bb28-cf70e7838398,,,0,,
22,email-scrolled,2024-01-12T14:16:45.958Z,e5a50b82-214f-4c18-8d7f-703a9f3f6557,Payment Due Reminder - RoboCup 2023 / RoboCup Federation,91e97f69-7097-4496-be37-20728173f4b3,,,0.19383259911894274,,
22,email-moved,2024-01-12T14:16:47.716Z,e5a50b82-214f-4c18-8d7f-703a9f3f6557,Payment Due Reminder - RoboCup 2023 / RoboCup Federation,44aa679b-e546-4cb4-ad7c-2012f0060bd6,,No Phishing,,,
22,email-view,2024-01-12T14:16:48.451Z,78149ff8-8e55-428d-969e-39ce53b6016f,Rabatte exklusiv für Unternehmen / Amazon Business,cfe687be-c3aa-4908-ac9b-5e9792572400,,,,,
22,email-moved,2024-01-12T14:17:00.236Z,78149ff8-8e55-428d-969e-39ce53b6016f,Rabatte exklusiv für Unternehmen / Amazon Business,1a6e0c81-5f6d-4f62-aeec-fb8b4053b8c1,,Phishing/Spam,,,
22,email-view,2024-01-12T14:17:00.939Z,da4ba578-b1df-4a8e-b3a9-a58edf172ff4,RE / Charls,4390b999-8ff9-4ece-ab5a-23c4a7f1b23b,,,,,
22,email-moved,2024-01-12T14:17:04.896Z,da4ba578-b1df-4a8e-b3a9-a58edf172ff4,RE / Charls,8dea360c-3c21-4076-80c2-66d5aee7480f,,Phishing/Spam,,,
22,email-view,2024-01-12T14:17:05.556Z,ac2c1b84-ec20-43f0-97af-ea932cb20bea,Rechnung RE2023785 vom 17.04.2023 / Internetagentur WAS,6ac1dc53-fd53-4124-955e-e302c23336a2,,,,,
22,email-moved,2024-01-12T14:17:17.346Z,ac2c1b84-ec20-43f0-97af-ea932cb20bea,Rechnung RE2023785 vom 17.04.2023 / Internetagentur WAS,7a0e9198-313d-4916-8f9e-1530fd568728,,No Phishing,,,
22,email-view,2024-01-12T14:17:18.069Z,a333fc70-321d-490c-94e2-1804a582b351,Reminder - internationale KI-Konferenz "KI als Innovationsmotor für Europa" am 24. November 2023 in Mainz / artificial-intelligence,c84d4e42-7288-4376-9476-8fcdce204d2e,,,,,
22,email-moved,2024-01-12T14:17:26.480Z,a333fc70-321d-490c-94e2-1804a582b351,Reminder - internationale KI-Konferenz "KI als Innovationsmotor für Europa" am 24. November 2023 in Mainz / artificial-intelligence,34ea0b5a-edcb-47fb-83d7-99b2b5a824b8,,No Phishing,,,
22,email-view,2024-01-12T14:17:27.144Z,c0d2507a-6355-41b8-b353-90be12d3991f,unbedingt lesen. / Miles & More K artenService,b4a7cba7-6bfe-4da2-9cdc-82af4a7acb61,,,,,
22,email-moved,2024-01-12T14:17:30.971Z,c0d2507a-6355-41b8-b353-90be12d3991f,unbedingt lesen. / Miles & More K artenService,df442836-6786-4f81-ab8f-e6f864ba4770,,Phishing/Spam,,,
22,email-view,2024-01-12T14:17:31.575Z,3976433f-2dcc-42ab-b278-71f2c24e4c36,Urgent information: RoboCup 2023 / RoboCup Federation,c7d94b2b-41d1-4a4d-a69c-d4644e625287,,,,,
22,email-moved,2024-01-12T14:17:37.244Z,3976433f-2dcc-42ab-b278-71f2c24e4c36,Urgent information: RoboCup 2023 / RoboCup Federation,21947aa4-5600-4b44-bce3-3de318a1f0ea,,No Phishing,,,
22,email-view,2024-01-12T14:17:38.406Z,91ff4f92-ec70-4dc8-ab9f-9c1f835fdc29,Access to the mzh-team-luhbots group was granted | ProjGIT / Projekt GitLab,82758640-2536-47b3-8438-f05d716a7a47,,,,,
22,email-moved,2024-01-12T14:17:47.820Z,91ff4f92-ec70-4dc8-ab9f-9c1f835fdc29,Access to the mzh-team-luhbots group was granted | ProjGIT / Projekt GitLab,19e959d8-320b-4875-b228-c602de6e7ae9,,No Phishing,,,
22,email-view,2024-01-12T14:17:48.465Z,18f177eb-fc10-4a26-8fe6-b76f70cbd98c,A Dramatic Leap in Performance / Elementor,9996d0e2-1ffc-462b-91bc-107135252be4,,,,,
22,email-moved,2024-01-12T14:17:56.607Z,18f177eb-fc10-4a26-8fe6-b76f70cbd98c,A Dramatic Leap in Performance / Elementor,c6fe2d5b-183d-423f-9e98-1ebb4185e095,,No Phishing,,,
22,email-view,2024-01-12T14:17:57.304Z,a7fa9c03-210a-413d-8650-b06af0f4fa1e,„Höhle der Löwen“ System macht Deutsche Bürger reich! / „Höhle der Löwen“,20257147-9e5d-45f5-bda0-ba19ee4c1ebb,,,,,
22,email-moved,2024-01-12T14:17:59.361Z,a7fa9c03-210a-413d-8650-b06af0f4fa1e,„Höhle der Löwen“ System macht Deutsche Bürger reich! / „Höhle der Löwen“,7a2f9ed2-cf8e-455f-8d92-df17c66a9273,,Phishing/Spam,,,
22,email-view,2024-01-12T14:18:00.166Z,3c47ecd7-e0e2-4edc-97ea-c9c7f2b971ed,[Invitation] 2024 Event / Elementor,6d984b40-3c2a-4145-bae1-38b38384c63f,,,,,
22,email-moved,2024-01-12T14:18:13.807Z,3c47ecd7-e0e2-4edc-97ea-c9c7f2b971ed,[Invitation] 2024 Event / Elementor,3c576a79-587a-483a-9987-212547a12470,,No Phishing,,,
22,email-view,2024-01-12T14:18:14.934Z,70e237f6-d2ec-42ff-9e80-bdbf21fcd451,🎄 Merry Christmas\, plus a service deadline announcement 🌲 / Felix from AISLER,d4f8518e-2685-4c98-b0c6-cd30e2a0831b,,,,,
22,email-moved,2024-01-12T14:18:15.684Z,70e237f6-d2ec-42ff-9e80-bdbf21fcd451,🎄 Merry Christmas\, plus a service deadline announcement 🌲 / Felix from AISLER,10a756d8-a1f1-479c-be71-42c83c234d98,,Phishing/Spam,,,
22,email-view,2024-01-12T14:18:16.404Z,ddfa66da-dd17-4d55-9c01-67e534397db5,Besonderes Highlight: Tischfußballtisch für nur 399\,- statt 1199\,- / Sport und Spiel,4a65c81a-7382-4921-b65a-17693ed5f408,,,,,
22,email-moved,2024-01-12T14:18:20.516Z,ddfa66da-dd17-4d55-9c01-67e534397db5,Besonderes Highlight: Tischfußballtisch für nur 399\,- statt 1199\,- / Sport und Spiel,ae3c60f1-2094-4e80-ad17-d389429ed9b2,,Phishing/Spam,,,
22,email-view,2024-01-12T14:18:21.220Z,e87f7828-2f6c-4f65-822f-4cd5117bf674,BITTE ES IST DRINGEND / Didelet Andy,5625c7dc-1796-4042-9203-6f9976b47022,,,,,
22,email-moved,2024-01-12T14:18:22.302Z,e87f7828-2f6c-4f65-822f-4cd5117bf674,BITTE ES IST DRINGEND / Didelet Andy,2a8b6860-f5d4-4937-a444-eda0c83c79af,,Phishing/Spam,,,
22,finished,2024-01-12T14:18:28.241Z,,,,,,,,
22,end-link-clicked,2024-01-12T14:18:30.453Z,,,,,,,,
98,created,2024-01-11T15:10:10.247Z,,,,,,,,
81,created,2024-01-11T15:10:10.240Z,,,,,,,,
32,created,2024-01-11T15:10:10.225Z,,,,,,,,
60,created,2024-01-11T15:10:10.216Z,,,,,,,,
