,x,
1,[Invitation] 2024 Event / Elementor,E
2,„Höhle der Löwen“ System macht Deutsche Bürger reich! / „Höhle der Löwen“,P
3,"🎄 Merry Christmas, plus a service deadline announcement 🌲 / Felix from AISLER",P
4,[Release] AI-Powered Container Creation / Elementor,E
5,"Besonderes Highlight: Tischfußballtisch für nur 399,- statt 1199,- / Sport und Spiel",P
6,BITTE ES IST DRINGEND / Didelet Andy,P
7,Access to the mzh-team-luhbots group was granted | ProjGIT / Projekt GitLab,E
8,Drei wichtige Vorteile des Budgetmanagements / Amazon Business,E
9,A Dramatic Leap in Performance / Elementor,E
10,Bitte Reagieren! / DKBOnline,P
11,"Dank der Karte, die einen hohen Kreditrahmen besitzt, haben Sie keine Geldsorgen mehr - freundliche Empfehlung von Manfred / Hermann Kerner",P
12,Dating für Sex zu Weihnachten in Deutschland / Dating in Deutschland,P
13,Dein Kontoeinblick für November 2022 / Instagram Business,E
14,Dein Video wurde erneut gepostet / Instagram,E
15,"Der einfachste Weg, um Strom zu sparen / E-Energy",P
16,Der Gewinn kann in wenigen Monaten um das 10-fache gesteigert werden... / BTC Profit,P
17,"Hondrox — ist das erste Mittel mit Teufelskrallenextrakte, Arnika für die Wiederherstellung der Knorpel in den Gelenken / Hondrox",P
18,Ihr sofort genehmigter Kredit ist Ihr 3-faches monatliches Einkommen oder monatlicher Bruttoumsatz auf unserer Karte / Bernhard Eheim,P
19,Derzeit offene Rechnungen / Internetagentur WAS,E
20,Deutsche Instagram Follower Kaufen / Hallo von Followermonster,P
21,Deutsche Social Media Reichweite Kaufen / Hallo von Fanheros,P
22,Die Karte ist sofort einsetzbar und besitzt einen hohen Kreditrahmen / Barbara Kaiser,P
23,Effektive Behandlung von Hämorrhoiden in jedem Stadium / Gelarex,P
24,Ersteinzahlungsbonus +100 Freispiele / Freispiele,P
25,"Füge Personen hinzu, um beim Geschäftseinkauf zusammenzuarbeiten / Amazon Business",E
26,Geschäftsgeschenke leichter gemacht – mit den Amazon Business Bestellbudgets / Amazon Business,E
27,Gluconol – Doppelschlag auf den Diabetes / Gluconol,P
28,Google-Bestätigungscode / Google,E
29,Grüße mein Lieber / Juliet Jonhson,P
30,Hallo Lieber / elizabeth akah,P
31,Haltungskorrektur der Wirbelsaule / BSP Corrector,P
32,Levicose — nanotechnologien schützen die gesundheit und die schönheit der venen / Levicose,P
33,LGBT I NEED YOUR HELP / Aleksandr Kovalenko,P
34,NVIDIA Jetson Orin PCN PCN210341/PCN210361 / Silicon Highway LTD,E
35,Payment Due Reminder - RoboCup 2023 / RoboCup Federation,E
36,Rabatte exklusiv für Unternehmen / Amazon Business,E
37,RE / Charls,P
38,Rechnung RE2023785 vom 17.04.2023 / Internetagentur WAS,E
39,"Reminder - internationale KI-Konferenz ""KI als Innovationsmotor für Europa"" am 24. November 2023 in Mainz / artificial-intelligence",E
40,unbedingt lesen. / Miles & More K artenService,P
41,Urgent information: RoboCup 2023 / RoboCup Federation,E
42,Verlagere die Beschaffung mit Guided Buying / Amazon Business,E
43,keine Antwort. /,P
44,"Der einfachste Weg, um Strom zu sparen / E-Energy""",P
45,"Füge Personen hinzu, um beim Geschäftseinkauf zusammenzuarbeiten / Amazon Business""",E
46,"Hondrox — ist das erste Mittel mit Teufelskrallenextrakte, Arnika für die Wiederherstellung der Knorpel in den Gelenken / Hondrox""",P
47,"Dank der Karte, die einen hohen Kreditrahmen besitzt, haben Sie keine Geldsorgen mehr - freundliche Empfehlung von Manfred / Hermann Kerner""",P
48,Not-Phishing,E
49,Phishing,P
